collected_at,acc_id,link_id,corridor,hub,type_code,type_name,category,start,expected_end,info
2026-10-02 09:27:00,1102646,1130023400,sangam_down,sangam,A04,공사,construction,2026-10-02 09:14:00,2026-10-02 18:00:00,월드컵로 (월드컵경기장 → 월드컵파크3단지) 4차로 가로수정비
2026-10-02 09:45:00,1102646,1130023400,sangam_down,sangam,A04,공사,construction,2026-10-02 09:14:00,2026-10-02 18:00:00,월드컵로 (월드컵경기장 → 월드컵파크3단지) 4차로 가로수정비
2026-10-02 10:00:00,1102646,1130023400,sangam_down,sangam,A04,공사,construction,2026-10-02 09:14:00,2026-10-02 18:00:00,월드컵로 (월드컵경기장 → 월드컵파크3단지) 4차로 가로수정비
2026-10-02 10:15:00,1102646,1130023400,sangam_down,sangam,A04,공사,construction,2026-10-02 09:14:00,2026-10-02 18:00:00,월드컵로 (월드컵경기장 → 월드컵파크3단지) 4차로 가로수정비
2026-10-02 10:30:00,1102646,1130023400,sangam_down,sangam,A04,공사,construction,2026-10-02 09:14:00,2026-10-02 18:00:00,월드컵로 (월드컵경기장 → 월드컵파크3단지) 4차로 가로수정비
2026-10-02 10:45:00,1102646,1130023400,sangam_down,sangam,A04,공사,construction,2026-10-02 09:14:00,2026-10-02 18:00:00,월드컵로 (월드컵경기장 → 월드컵파크3단지) 4차로 가로수정비
2026-10-02 11:00:00,1102646,1130023400,sangam_down,sangam,A04,공사,construction,2026-10-02 09:14:00,2026-10-02 18:00:00,월드컵로 (월드컵경기장 → 월드컵파크3단지) 4차로 가로수정비
2026-10-02 11:15:00,1102646,1130023400,sangam_down,sangam,A04,공사,construction,2026-10-02 09:14:00,2026-10-02 18:00:00,월드컵로 (월드컵경기장 → 월드컵파크3단지) 4차로 가로수정비
2026-10-02 11:30:00,1102646,1130023400,sangam_down,sangam,A04,공사,construction,2026-10-02 09:14:00,2026-10-02 18:00:00,월드컵로 (월드컵경기장 → 월드컵파크3단지) 4차로 가로수정비
2026-10-02 11:45:00,1102646,1130023400,sangam_down,sangam,A04,공사,construction,2026-10-02 09:14:00,2026-10-02 18:00:00,월드컵로 (월드컵경기장 → 월드컵파크3단지) 4차로 가로수정비
2026-10-02 12:00:00,1102646,1130023400,sangam_down,sangam,A04,공사,construction,2026-10-02 09:14:00,2026-10-02 18:00:00,월드컵로 (월드컵경기장 → 월드컵파크3단지) 4차로 가로수정비
2026-10-02 12:15:00,1102646,1130023400,sangam_down,sangam,A04,공사,construction,2026-10-02 09:14:00,2026-10-02 18:00:00,월드컵로 (월드컵경기장 → 월드컵파크3단지) 4차로 가로수정비
2026-10-02 12:30:00,1102646,1130023400,sangam_down,sangam,A04,공사,construction,2026-10-02 09:14:00,2026-10-02 18:00:00,월드컵로 (월드컵경기장 → 월드컵파크3단지) 4차로 가로수정비
2026-10-02 12:45:00,1102646,1130023400,sangam_down,sangam,A04,공사,construction,2026-10-02 09:14:00,2026-10-02 18:00:00,월드컵로 (월드컵경기장 → 월드컵파크3단지) 4차로 가로수정비
