date,start,end,count,station,place,text,written_at,posted_date,announced_at,fetched_at
2026-10-03,10:30,14:00,2000,남대문,서울역광장 → 효령빌딩 <봉래동 등>,"서울역광장 → 효령빌딩 <봉래동 등> 2,000명 남대문",2026-10-02 18:00,2026-10-02,2026-10-02 18:00,2026-10-04 19:32
2026-10-03,12:30,18:00,2000,종로,서울역 4번 출구 → 종로3가역 14번 출구,"서울역 4번 출구 → 종로3가역 14번 출구 2,000명 종로 / <남대문로 등>",2026-10-02 18:00,2026-10-02,2026-10-02 18:00,2026-10-04 19:32
2026-10-03,13:00,17:00,140000,종로,동화면세점~대한문 편도 전차로 <세종대로>,"동화면세점~대한문 편도 전차로 <세종대로> 140,000명 종로",2026-10-02 18:00,2026-10-02,2026-10-02 18:00,2026-10-04 19:32
2026-10-03,14:00,17:00,3000,종로,보신각 앞 2개 차로 ↔ 광화문 로터리,"보신각 앞 2개 차로 ↔ 광화문 로터리 3,000명 종로 / <세종대로>",2026-10-02 18:00,2026-10-02,2026-10-02 18:00,2026-10-04 19:32
2026-10-03,15:00,17:00,10000,남대문,숭례문 로터리~시청역 8번 출구,"숭례문 로터리~시청역 8번 출구 10,000명 남대문 / <태평로2가 등>",2026-10-02 18:00,2026-10-02,2026-10-02 18:00,2026-10-04 19:32
2026-10-03,15:30,18:00,1200,종로|남대문,시청 동편 → 숭례문 로터리 <남대문로 등>,"시청 동편 → 숭례문 로터리 <남대문로 등> 1,200명 종로 / 남대문",2026-10-02 18:00,2026-10-02,2026-10-02 18:00,2026-10-04 19:32
2026-10-04,10:00,11:00,1000,구로,평강제일교회 앞 <오류동>,"평강제일교회 앞 <오류동> 1,000명 구로",2026-10-02 18:00,2026-10-02,2026-10-02 18:00,2026-10-04 19:32
2026-10-04,11:00,13:00,10000,종로,동화면세점 앞 인도 <태평로1가>,"동화면세점 앞 인도 <태평로1가> 10,000명 종로",2026-10-02 18:00,2026-10-02,2026-10-02 18:00,2026-10-04 19:32
2026-10-04,13:00,18:00,150,강북,우이천 쌍한교 배드민턴장 <수유동>,우이천 쌍한교 배드민턴장 <수유동> 150명 강북,2026-10-02 18:00,2026-10-02,2026-10-02 18:00,2026-10-04 19:32
2026-10-06,06:00,16:00,1000,강서,마곡16단지 건설 현장 앞 <마곡동>,"마곡16단지 건설 현장 앞 <마곡동> 1,000명 강서",2026-10-02 18:00,2026-10-02,2026-10-02 18:00,2026-10-04 19:32
2026-10-06,10:00,18:00,100,종로,사랑채 동측 건너편 인도 <효자동>,사랑채 동측 건너편 인도 <효자동> 100명 종로,2026-10-02 18:00,2026-10-02,2026-10-02 18:00,2026-10-04 19:32
2026-10-06,15:00,17:00,200,양천,목동14단지 B상가 앞 <목동>,목동14단지 B상가 앞 <목동> 200명 양천,2026-10-02 18:00,2026-10-02,2026-10-02 18:00,2026-10-04 19:32
2026-10-06,19:00,20:00,200,남대문,세종호텔 앞 <명동>,세종호텔 앞 <명동> 200명 남대문,2026-10-02 18:00,2026-10-02,2026-10-02 18:00,2026-10-04 19:32
