date,time,type,title,time_verified,source
2023-03-28,20:00,amatch,대한민국 vs 우루과이 (친선),1,en.wikipedia.org/wiki/2023_in_South_Korean_football
2023-08-11,19:00,concert,새만금 잼버리 K-POP 슈퍼 라이브,0,xportsnews.com/article/1757075
2023-09-23,18:00,concert,아이돌라디오 라이브 인 서울,1,en.seoul.co.kr/news/entertainment/2023/09/21/20230921500159
2023-10-13,20:00,amatch,대한민국 vs 튀니지 (친선),1,gukjenews.com/news/articleView.html?idxno=2829993
2023-11-16,20:00,amatch,대한민국 vs 싱가포르 (월드컵 2차예선),1,en.wikipedia.org/wiki/2023_in_South_Korean_football
2024-03-21,20:00,amatch,대한민국 vs 태국 (월드컵 2차예선),1,en.wikipedia.org/wiki/2024_in_South_Korean_football
2024-04-27,18:00,concert,세븐틴 FOLLOW AGAIN TO SEOUL,0,khan.co.kr/article/202409251038001
2024-04-28,18:00,concert,세븐틴 FOLLOW AGAIN TO SEOUL,0,khan.co.kr/article/202409251038001
2024-05-25,18:00,concert,임영웅 IM HERO - THE STADIUM,0,khan.co.kr/article/202409251038001
2024-05-26,18:00,concert,임영웅 IM HERO - THE STADIUM,0,khan.co.kr/article/202409251038001
2024-06-11,20:00,amatch,대한민국 vs 중국 (월드컵 2차예선),1,en.wikipedia.org/wiki/2024_in_South_Korean_football
2024-09-05,20:00,amatch,대한민국 vs 팔레스타인 (월드컵 3차예선),1,en.wikipedia.org/wiki/2024_in_South_Korean_football
2024-09-21,18:00,concert,아이유 HEREH 앙코르,0,khan.co.kr/article/202409251038001
2024-09-22,18:00,concert,아이유 HEREH 앙코르,0,khan.co.kr/article/202409251038001
2025-04-30,19:00,concert,서울 스프링 페스타 원더쇼,0,seoul.co.kr/news/newsView.php?id=20240914500061
2025-06-10,20:00,amatch,대한민국 vs 쿠웨이트 (월드컵 3차예선),1,en.wikipedia.org/wiki/2025_in_South_Korean_football
2025-10-10,20:00,amatch,대한민국 vs 브라질 (친선),1,en.wikipedia.org/wiki/2025_in_South_Korean_football
2025-10-14,20:00,amatch,대한민국 vs 파라과이 (친선),1,en.wikipedia.org/wiki/2025_in_South_Korean_football
2025-11-18,20:00,amatch,대한민국 vs 가나 (친선),1,en.wikipedia.org/wiki/2025_in_South_Korean_football
2026-03-04,19:00,acl,FC서울 vs 비셀 고베 (AFC 챔피언스리그 엘리트 16강),1,en.wikipedia.org/wiki/2026_in_South_Korean_football
