collected_at,link_id,speed,corridor,segment
2026-10-06 00:01:00,1000008300,26.0,gwanghwamun_up,세종대로 광화문→세종대로사거리
2026-10-06 00:01:00,1000005100,41.8,gwanghwamun_up,세종대로 세종대로사거리→청계광장
2026-10-06 00:01:00,1010018100,36.4,gwanghwamun_up,세종대로 청계광장→서울시의회
2026-10-06 00:01:00,1010013700,25.2,gwanghwamun_up,세종대로 서울시의회→덕수궁
2026-10-06 00:01:00,1010009900,32.6,gwanghwamun_up,세종대로 덕수궁→시청역
2026-10-06 00:01:00,1010005900,36.2,gwanghwamun_up,세종대로 시청역→숭례문
2026-10-06 00:01:00,1010006000,28.9,gwanghwamun_down,세종대로 숭례문→시청역
2026-10-06 00:01:00,1010010000,20.1,gwanghwamun_down,세종대로 시청역→덕수궁
2026-10-06 00:01:00,1010013800,41.0,gwanghwamun_down,세종대로 덕수궁→서울시의회
2026-10-06 00:01:00,1010018200,40.6,gwanghwamun_down,세종대로 서울시의회→청계광장
2026-10-06 00:01:00,1000005200,29.2,gwanghwamun_down,세종대로 청계광장→세종대로사거리
2026-10-06 00:01:00,1000008400,25.4,gwanghwamun_down,세종대로 세종대로사거리→광화문
2026-10-06 00:01:00,1180001800,34.4,yeouido_up,여의대로 여의도(서울교)→여의도공원앞
2026-10-06 00:01:00,1180002000,24.1,yeouido_up,여의대로 여의도공원앞→여의도환승센터
2026-10-06 00:01:00,1180002400,25.8,yeouido_up,여의대로 여의도환승센터→마포대교남단
2026-10-06 00:01:00,1180002300,40.6,yeouido_down,여의대로 마포대교남단→여의도환승센터
2026-10-06 00:01:00,1180001900,21.5,yeouido_down,여의대로 여의도환승센터→여의도공원앞
2026-10-06 00:01:00,1180001700,22.2,yeouido_down,여의대로 여의도공원앞→여의도(서울교)
2026-10-06 00:01:00,1230024600,27.0,jamsil_up,올림픽로 서울종합운동장→종합운동장
2026-10-06 00:01:00,1230025100,20.0,jamsil_up,올림픽로 종합운동장→잠실새내역
2026-10-06 00:01:00,1230025000,24.0,jamsil_up,올림픽로 잠실새내역→잠실3사거리
2026-10-06 00:01:00,1230024900,41.9,jamsil_down,올림픽로 잠실3사거리→잠실새내역
2026-10-06 00:01:00,1230025200,27.5,jamsil_down,올림픽로 잠실새내역→종합운동장
2026-10-06 00:01:00,1230024500,32.0,jamsil_down,올림픽로 종합운동장→서울종합운동장
2026-10-06 00:01:00,1130024500,47.8,sangam_up,월드컵로 디지털미디어시티입구→월드컵파크3단지
2026-10-06 00:01:00,1130023300,40.2,sangam_up,월드컵로 월드컵파크3단지→월드컵경기장
2026-10-06 00:01:00,1130006100,51.0,sangam_up,월드컵로 월드컵경기장→월드컵경기장삼거리
2026-10-06 00:01:00,1130021900,23.0,sangam_up,월드컵로 월드컵경기장삼거리→마포구청
2026-10-06 00:01:00,1130020900,42.0,sangam_up,월드컵로 마포구청→성산1교
2026-10-06 00:01:00,1130021000,20.2,sangam_down,월드컵로 성산1교→마포구청
2026-10-06 00:01:00,1130022000,31.2,sangam_down,월드컵로 마포구청→월드컵경기장삼거리
2026-10-06 00:01:00,1130006200,42.4,sangam_down,월드컵로 월드컵경기장삼거리→월드컵경기장
2026-10-06 00:01:00,1130023400,29.0,sangam_down,월드컵로 월드컵경기장→월드컵파크3단지
2026-10-06 00:01:00,1130024600,45.0,sangam_down,월드컵로 월드컵파크3단지→디지털미디어시티입구
2026-10-06 00:15:00,1000008300,26.1,gwanghwamun_up,세종대로 광화문→세종대로사거리
2026-10-06 00:15:00,1000005100,40.2,gwanghwamun_up,세종대로 세종대로사거리→청계광장
2026-10-06 00:15:00,1010018100,32.8,gwanghwamun_up,세종대로 청계광장→서울시의회
2026-10-06 00:15:00,1010013700,25.1,gwanghwamun_up,세종대로 서울시의회→덕수궁
2026-10-06 00:15:00,1010009900,27.8,gwanghwamun_up,세종대로 덕수궁→시청역
2026-10-06 00:15:00,1010005900,31.9,gwanghwamun_up,세종대로 시청역→숭례문
2026-10-06 00:15:00,1010006000,24.5,gwanghwamun_down,세종대로 숭례문→시청역
2026-10-06 00:15:00,1010010000,28.9,gwanghwamun_down,세종대로 시청역→덕수궁
2026-10-06 00:15:00,1010013800,40.0,gwanghwamun_down,세종대로 덕수궁→서울시의회
2026-10-06 00:15:00,1010018200,38.7,gwanghwamun_down,세종대로 서울시의회→청계광장
2026-10-06 00:15:00,1000005200,28.4,gwanghwamun_down,세종대로 청계광장→세종대로사거리
2026-10-06 00:15:00,1000008400,25.4,gwanghwamun_down,세종대로 세종대로사거리→광화문
2026-10-06 00:15:00,1180001800,32.2,yeouido_up,여의대로 여의도(서울교)→여의도공원앞
2026-10-06 00:15:00,1180002000,26.0,yeouido_up,여의대로 여의도공원앞→여의도환승센터
2026-10-06 00:15:00,1180002400,25.1,yeouido_up,여의대로 여의도환승센터→마포대교남단
2026-10-06 00:15:00,1180002300,35.1,yeouido_down,여의대로 마포대교남단→여의도환승센터
2026-10-06 00:15:00,1180001900,26.7,yeouido_down,여의대로 여의도환승센터→여의도공원앞
2026-10-06 00:15:00,1180001700,23.4,yeouido_down,여의대로 여의도공원앞→여의도(서울교)
2026-10-06 00:15:00,1230024600,30.7,jamsil_up,올림픽로 서울종합운동장→종합운동장
2026-10-06 00:15:00,1230025100,20.6,jamsil_up,올림픽로 종합운동장→잠실새내역
2026-10-06 00:15:00,1230025000,26.0,jamsil_up,올림픽로 잠실새내역→잠실3사거리
2026-10-06 00:15:00,1230024900,30.8,jamsil_down,올림픽로 잠실3사거리→잠실새내역
2026-10-06 00:15:00,1230025200,31.1,jamsil_down,올림픽로 잠실새내역→종합운동장
2026-10-06 00:15:00,1230024500,31.4,jamsil_down,올림픽로 종합운동장→서울종합운동장
2026-10-06 00:15:00,1130024500,15.0,sangam_up,월드컵로 디지털미디어시티입구→월드컵파크3단지
2026-10-06 00:15:00,1130023300,40.1,sangam_up,월드컵로 월드컵파크3단지→월드컵경기장
2026-10-06 00:15:00,1130006100,30.2,sangam_up,월드컵로 월드컵경기장→월드컵경기장삼거리
2026-10-06 00:15:00,1130021900,24.8,sangam_up,월드컵로 월드컵경기장삼거리→마포구청
2026-10-06 00:15:00,1130020900,38.6,sangam_up,월드컵로 마포구청→성산1교
2026-10-06 00:15:00,1130021000,20.8,sangam_down,월드컵로 성산1교→마포구청
2026-10-06 00:15:00,1130022000,31.9,sangam_down,월드컵로 마포구청→월드컵경기장삼거리
2026-10-06 00:15:00,1130006200,41.8,sangam_down,월드컵로 월드컵경기장삼거리→월드컵경기장
2026-10-06 00:15:00,1130023400,39.6,sangam_down,월드컵로 월드컵경기장→월드컵파크3단지
2026-10-06 00:15:00,1130024600,34.4,sangam_down,월드컵로 월드컵파크3단지→디지털미디어시티입구
2026-10-06 00:30:00,1000008300,29.0,gwanghwamun_up,세종대로 광화문→세종대로사거리
2026-10-06 00:30:00,1000005100,44.1,gwanghwamun_up,세종대로 세종대로사거리→청계광장
2026-10-06 00:30:00,1010018100,35.8,gwanghwamun_up,세종대로 청계광장→서울시의회
2026-10-06 00:30:00,1010013700,23.7,gwanghwamun_up,세종대로 서울시의회→덕수궁
2026-10-06 00:30:00,1010009900,27.9,gwanghwamun_up,세종대로 덕수궁→시청역
2026-10-06 00:30:00,1010005900,27.4,gwanghwamun_up,세종대로 시청역→숭례문
2026-10-06 00:30:00,1010006000,24.7,gwanghwamun_down,세종대로 숭례문→시청역
2026-10-06 00:30:00,1010010000,33.5,gwanghwamun_down,세종대로 시청역→덕수궁
2026-10-06 00:30:00,1010013800,41.3,gwanghwamun_down,세종대로 덕수궁→서울시의회
2026-10-06 00:30:00,1010018200,38.6,gwanghwamun_down,세종대로 서울시의회→청계광장
2026-10-06 00:30:00,1000005200,23.4,gwanghwamun_down,세종대로 청계광장→세종대로사거리
2026-10-06 00:30:00,1000008400,31.4,gwanghwamun_down,세종대로 세종대로사거리→광화문
2026-10-06 00:30:00,1180001800,30.4,yeouido_up,여의대로 여의도(서울교)→여의도공원앞
2026-10-06 00:30:00,1180002000,32.6,yeouido_up,여의대로 여의도공원앞→여의도환승센터
2026-10-06 00:30:00,1180002400,27.4,yeouido_up,여의대로 여의도환승센터→마포대교남단
2026-10-06 00:30:00,1180002300,31.5,yeouido_down,여의대로 마포대교남단→여의도환승센터
2026-10-06 00:30:00,1180001900,23.6,yeouido_down,여의대로 여의도환승센터→여의도공원앞
2026-10-06 00:30:00,1180001700,26.3,yeouido_down,여의대로 여의도공원앞→여의도(서울교)
2026-10-06 00:30:00,1230024600,26.0,jamsil_up,올림픽로 서울종합운동장→종합운동장
2026-10-06 00:30:00,1230025100,25.4,jamsil_up,올림픽로 종합운동장→잠실새내역
2026-10-06 00:30:00,1230025000,25.7,jamsil_up,올림픽로 잠실새내역→잠실3사거리
2026-10-06 00:30:00,1230024900,37.8,jamsil_down,올림픽로 잠실3사거리→잠실새내역
2026-10-06 00:30:00,1230025200,30.4,jamsil_down,올림픽로 잠실새내역→종합운동장
2026-10-06 00:30:00,1230024500,40.6,jamsil_down,올림픽로 종합운동장→서울종합운동장
2026-10-06 00:30:00,1130024500,28.0,sangam_up,월드컵로 디지털미디어시티입구→월드컵파크3단지
2026-10-06 00:30:00,1130023300,44.5,sangam_up,월드컵로 월드컵파크3단지→월드컵경기장
2026-10-06 00:30:00,1130006100,38.0,sangam_up,월드컵로 월드컵경기장→월드컵경기장삼거리
2026-10-06 00:30:00,1130021900,30.1,sangam_up,월드컵로 월드컵경기장삼거리→마포구청
2026-10-06 00:30:00,1130020900,38.7,sangam_up,월드컵로 마포구청→성산1교
2026-10-06 00:30:00,1130021000,23.7,sangam_down,월드컵로 성산1교→마포구청
2026-10-06 00:30:00,1130022000,29.9,sangam_down,월드컵로 마포구청→월드컵경기장삼거리
2026-10-06 00:30:00,1130006200,55.0,sangam_down,월드컵로 월드컵경기장삼거리→월드컵경기장
2026-10-06 00:30:00,1130023400,34.0,sangam_down,월드컵로 월드컵경기장→월드컵파크3단지
2026-10-06 00:30:00,1130024600,45.0,sangam_down,월드컵로 월드컵파크3단지→디지털미디어시티입구
2026-10-06 00:45:00,1000008300,27.7,gwanghwamun_up,세종대로 광화문→세종대로사거리
2026-10-06 00:45:00,1000005100,43.8,gwanghwamun_up,세종대로 세종대로사거리→청계광장
2026-10-06 00:45:00,1010018100,41.9,gwanghwamun_up,세종대로 청계광장→서울시의회
2026-10-06 00:45:00,1010013700,24.6,gwanghwamun_up,세종대로 서울시의회→덕수궁
2026-10-06 00:45:00,1010009900,33.2,gwanghwamun_up,세종대로 덕수궁→시청역
2026-10-06 00:45:00,1010005900,24.1,gwanghwamun_up,세종대로 시청역→숭례문
2026-10-06 00:45:00,1010006000,28.7,gwanghwamun_down,세종대로 숭례문→시청역
2026-10-06 00:45:00,1010010000,27.7,gwanghwamun_down,세종대로 시청역→덕수궁
2026-10-06 00:45:00,1010013800,43.2,gwanghwamun_down,세종대로 덕수궁→서울시의회
2026-10-06 00:45:00,1010018200,41.2,gwanghwamun_down,세종대로 서울시의회→청계광장
2026-10-06 00:45:00,1000005200,23.1,gwanghwamun_down,세종대로 청계광장→세종대로사거리
2026-10-06 00:45:00,1000008400,27.1,gwanghwamun_down,세종대로 세종대로사거리→광화문
2026-10-06 00:45:00,1180001800,37.1,yeouido_up,여의대로 여의도(서울교)→여의도공원앞
2026-10-06 00:45:00,1180002000,29.0,yeouido_up,여의대로 여의도공원앞→여의도환승센터
2026-10-06 00:45:00,1180002400,29.3,yeouido_up,여의대로 여의도환승센터→마포대교남단
2026-10-06 00:45:00,1180002300,34.8,yeouido_down,여의대로 마포대교남단→여의도환승센터
2026-10-06 00:45:00,1180001900,20.8,yeouido_down,여의대로 여의도환승센터→여의도공원앞
2026-10-06 00:45:00,1180001700,26.2,yeouido_down,여의대로 여의도공원앞→여의도(서울교)
2026-10-06 00:45:00,1230024600,23.0,jamsil_up,올림픽로 서울종합운동장→종합운동장
2026-10-06 00:45:00,1230025100,31.3,jamsil_up,올림픽로 종합운동장→잠실새내역
2026-10-06 00:45:00,1230025000,28.9,jamsil_up,올림픽로 잠실새내역→잠실3사거리
2026-10-06 00:45:00,1230024900,42.0,jamsil_down,올림픽로 잠실3사거리→잠실새내역
2026-10-06 00:45:00,1230025200,27.1,jamsil_down,올림픽로 잠실새내역→종합운동장
2026-10-06 00:45:00,1230024500,33.4,jamsil_down,올림픽로 종합운동장→서울종합운동장
2026-10-06 00:45:00,1130024500,33.7,sangam_up,월드컵로 디지털미디어시티입구→월드컵파크3단지
2026-10-06 00:45:00,1130023300,45.0,sangam_up,월드컵로 월드컵파크3단지→월드컵경기장
2026-10-06 00:45:00,1130006100,26.4,sangam_up,월드컵로 월드컵경기장→월드컵경기장삼거리
2026-10-06 00:45:00,1130021900,24.5,sangam_up,월드컵로 월드컵경기장삼거리→마포구청
2026-10-06 00:45:00,1130020900,39.3,sangam_up,월드컵로 마포구청→성산1교
2026-10-06 00:45:00,1130021000,19.7,sangam_down,월드컵로 성산1교→마포구청
2026-10-06 00:45:00,1130022000,26.5,sangam_down,월드컵로 마포구청→월드컵경기장삼거리
2026-10-06 00:45:00,1130006200,34.0,sangam_down,월드컵로 월드컵경기장삼거리→월드컵경기장
2026-10-06 00:45:00,1130023400,53.4,sangam_down,월드컵로 월드컵경기장→월드컵파크3단지
2026-10-06 00:45:00,1130024600,33.2,sangam_down,월드컵로 월드컵파크3단지→디지털미디어시티입구
