fetched_at,source,hub,type,title,start,end,expected_size,announced_at,status,status_changed_at,external_id,venue,lat,lon,end_estimated,runtime_text,description
2026-10-06 19:30:00,kbo_schedule,jamsil,sports,KBO NC vs LG,2026-10-06 18:30:00,2026-10-06 21:40:00,23750.0,2026-09-29 00:00:00,scheduled,,,,,,,,잠실야구장 KBO NC vs LG
2026-10-06 19:30:00,kbo_schedule,gocheok,sports,KBO KT vs 키움,2026-10-06 18:30:00,2026-10-06 21:40:00,16000.0,2026-09-29 00:00:00,scheduled,,,,,,,,고척스카이돔 KBO KT vs 키움
2026-10-06 19:30:00,kbo_schedule,jamsil,sports,KBO 두산 vs LG,2026-10-07 18:30:00,2026-10-07 21:40:00,23750.0,2026-09-30 00:00:00,scheduled,,,,,,,,잠실야구장 KBO 두산 vs LG
2026-10-06 19:30:00,kbo_schedule,gocheok,sports,KBO 한화 vs 키움,2026-10-07 18:30:00,2026-10-07 21:40:00,16000.0,2026-09-30 00:00:00,scheduled,,,,,,,,고척스카이돔 KBO 한화 vs 키움
2026-10-06 19:30:00,kbo_schedule,jamsil,sports,KBO 롯데 vs 두산,2026-10-12 18:30:00,2026-10-12 21:40:00,23750.0,2026-10-05 00:00:00,scheduled,,,,,,,,잠실야구장 KBO 롯데 vs 두산
2026-10-06 19:30:00,kleague_schedule,sangam,sports,K리그 서울 vs 제주,2026-10-10 14:00:00,2026-10-10 16:00:00,66704.0,2026-10-03 00:00:00,scheduled,,,,,,,,서울월드컵경기장 하나은행 K리그1 2026 K리그 서울 vs 제주
2026-10-06 19:30:00,kleague_schedule,sangam,sports,K리그 서울 vs 김천,2026-10-18 16:30:00,2026-10-18 18:30:00,66704.0,2026-10-11 00:00:00,scheduled,,,,,,,,서울월드컵경기장 하나은행 K리그1 2026 K리그 서울 vs 김천
2026-10-06 19:30:00,kleague_schedule,sangam,sports,K리그 서울 vs 강원,2026-10-24 14:00:00,2026-10-24 16:00:00,66704.0,2026-10-17 00:00:00,scheduled,,,,,,,,서울월드컵경기장 하나은행 K리그1 2026 K리그 서울 vs 강원
2026-10-06 19:30:00,kopis,gwanghwamun,concert,김동률 콘서트: 오래된 노래,2026-10-17 17:00:00,2026-10-17 19:30:00,3022.0,2026-09-07 15:00:00,scheduled,,PF300208,세종문화회관 (세종대극장),37.5725254,126.97564290000003,False,2시간 30분,"세종문화회관 (세종대극장) 3,022석 / 월요일(19:30), 목요일(19:30), 토요일 ~ 일요일(17:00) / 공연시간 2시간 30분 / 공개 시각 = KOPIS 갱신 시각 2026-09-07"
2026-10-06 19:30:00,kopis,gwanghwamun,concert,김동률 콘서트: 오래된 노래,2026-10-18 17:00:00,2026-10-18 19:30:00,3022.0,2026-09-07 15:00:00,scheduled,,PF300208,세종문화회관 (세종대극장),37.5725254,126.97564290000003,False,2시간 30분,"세종문화회관 (세종대극장) 3,022석 / 월요일(19:30), 목요일(19:30), 토요일 ~ 일요일(17:00) / 공연시간 2시간 30분 / 공개 시각 = KOPIS 갱신 시각 2026-09-07"
2026-10-06 19:30:00,kopis,gwanghwamun,concert,김동률 콘서트: 오래된 노래,2026-10-19 19:30:00,2026-10-19 22:00:00,3022.0,2026-09-07 15:00:00,scheduled,,PF300208,세종문화회관 (세종대극장),37.5725254,126.97564290000003,False,2시간 30분,"세종문화회관 (세종대극장) 3,022석 / 월요일(19:30), 목요일(19:30), 토요일 ~ 일요일(17:00) / 공연시간 2시간 30분 / 공개 시각 = KOPIS 갱신 시각 2026-09-07"
2026-10-06 19:30:00,kopis,gwanghwamun,concert,김동률 콘서트: 오래된 노래,2026-10-22 19:30:00,2026-10-22 22:00:00,3022.0,2026-09-07 15:00:00,scheduled,,PF300208,세종문화회관 (세종대극장),37.5725254,126.97564290000003,False,2시간 30분,"세종문화회관 (세종대극장) 3,022석 / 월요일(19:30), 목요일(19:30), 토요일 ~ 일요일(17:00) / 공연시간 2시간 30분 / 공개 시각 = KOPIS 갱신 시각 2026-09-07"
2026-10-06 19:30:00,kopis,gwanghwamun,concert,김동률 콘서트: 오래된 노래,2026-10-24 17:00:00,2026-10-24 19:30:00,3022.0,2026-09-07 15:00:00,scheduled,,PF300208,세종문화회관 (세종대극장),37.5725254,126.97564290000003,False,2시간 30분,"세종문화회관 (세종대극장) 3,022석 / 월요일(19:30), 목요일(19:30), 토요일 ~ 일요일(17:00) / 공연시간 2시간 30분 / 공개 시각 = KOPIS 갱신 시각 2026-09-07"
2026-10-06 19:30:00,kopis,gwanghwamun,concert,김동률 콘서트: 오래된 노래,2026-10-25 17:00:00,2026-10-25 19:30:00,3022.0,2026-09-07 15:00:00,scheduled,,PF300208,세종문화회관 (세종대극장),37.5725254,126.97564290000003,False,2시간 30분,"세종문화회관 (세종대극장) 3,022석 / 월요일(19:30), 목요일(19:30), 토요일 ~ 일요일(17:00) / 공연시간 2시간 30분 / 공개 시각 = KOPIS 갱신 시각 2026-09-07"
2026-10-06 19:30:00,kopis,gwanghwamun,concert,누구나 클래식 with 국립심포니오케스트라,2026-10-06 19:30:00,2026-10-06 21:15:00,3022.0,2026-09-04 15:00:00,scheduled,,PF300136,세종문화회관 (세종대극장),37.5725254,126.97564290000003,False,1시간 45분,"세종문화회관 (세종대극장) 3,022석 / 화요일(19:30) / 공연시간 1시간 45분 / 공개 시각 = KOPIS 갱신 시각 2026-09-04"
2026-10-06 19:30:00,kopis,gwanghwamun,concert,제14회 한국남성합창단 & 도쿄리더타펠 합동 연주회,2026-10-07 19:30:00,2026-10-07 21:30:00,3022.0,2026-09-02 14:12:18,scheduled,,PF299137,세종문화회관 (세종대극장),37.5725254,126.97564290000003,False,2시간,"세종문화회관 (세종대극장) 3,022석 / 수요일(19:30) / 공연시간 2시간 / 공개 시각 = KOPIS 갱신 시각 2026-09-02"
2026-10-06 19:30:00,kopis,gwanghwamun,concert,장사익소리판: 길,2026-10-27 19:30:00,2026-10-27 21:20:00,3022.0,2026-08-19 15:00:00,scheduled,,PF298872,세종문화회관 (세종대극장),37.5725254,126.97564290000003,False,1시간 50분,"세종문화회관 (세종대극장) 3,022석 / 화요일(19:30) / 공연시간 1시간 50분 / 공개 시각 = KOPIS 갱신 시각 2026-08-19"
2026-10-06 19:30:00,kopis,gwanghwamun,concert,"서울시오페라단, 라보엠",2026-11-05 19:30:00,2026-11-05 22:00:00,3022.0,2026-09-14 14:56:58,scheduled,,PF282109,세종문화회관 (세종대극장),37.5725254,126.97564290000003,False,2시간 30분,"세종문화회관 (세종대극장) 3,022석 / 목요일 ~ 금요일(19:30), 토요일 ~ 일요일(17:00) / 공연시간 2시간 30분 / 공개 시각 = KOPIS 갱신 시각 2026-09-14"
2026-10-06 19:30:00,kopis,gwanghwamun,concert,"서울시오페라단, 라보엠",2026-11-06 19:30:00,2026-11-06 22:00:00,3022.0,2026-09-14 14:56:58,scheduled,,PF282109,세종문화회관 (세종대극장),37.5725254,126.97564290000003,False,2시간 30분,"세종문화회관 (세종대극장) 3,022석 / 목요일 ~ 금요일(19:30), 토요일 ~ 일요일(17:00) / 공연시간 2시간 30분 / 공개 시각 = KOPIS 갱신 시각 2026-09-14"
2026-10-06 19:30:00,kopis,gwanghwamun,concert,"서울시오페라단, 라보엠",2026-11-07 17:00:00,2026-11-07 19:30:00,3022.0,2026-09-14 14:56:58,scheduled,,PF282109,세종문화회관 (세종대극장),37.5725254,126.97564290000003,False,2시간 30분,"세종문화회관 (세종대극장) 3,022석 / 목요일 ~ 금요일(19:30), 토요일 ~ 일요일(17:00) / 공연시간 2시간 30분 / 공개 시각 = KOPIS 갱신 시각 2026-09-14"
2026-10-06 19:30:00,kopis,gwanghwamun,concert,"서울시오페라단, 라보엠",2026-11-08 17:00:00,2026-11-08 19:30:00,3022.0,2026-09-14 14:56:58,scheduled,,PF282109,세종문화회관 (세종대극장),37.5725254,126.97564290000003,False,2시간 30분,"세종문화회관 (세종대극장) 3,022석 / 목요일 ~ 금요일(19:30), 토요일 ~ 일요일(17:00) / 공연시간 2시간 30분 / 공개 시각 = KOPIS 갱신 시각 2026-09-14"
2026-10-06 19:30:00,kopis,gwanghwamun,concert,누구나 클래식 with 대전시립교향악단 (11월),2026-11-10 19:30:00,2026-11-10 21:30:00,3022.0,2026-10-06 15:00:00,scheduled,,PF302457,세종문화회관 (세종대극장),37.5725254,126.97564290000003,False,2시간,"세종문화회관 (세종대극장) 3,022석 / 화요일(19:30) / 공연시간 2시간 / 공개 시각 = KOPIS 갱신 시각 2026-10-06"
2026-10-06 19:30:00,kopis,gwanghwamun,concert,CHANGMO: MONOLITH,2026-11-13 19:30:00,2026-11-13 21:50:00,3022.0,2026-09-09 15:00:00,scheduled,,PF300493,세종문화회관 (세종대극장),37.5725254,126.97564290000003,False,2시간 20분,"세종문화회관 (세종대극장) 3,022석 / 금요일(19:30), 토요일(19:30), 일요일(17:00) / 공연시간 2시간 20분 / 공개 시각 = KOPIS 갱신 시각 2026-09-09"
2026-10-06 19:30:00,kopis,gwanghwamun,concert,CHANGMO: MONOLITH,2026-11-14 19:30:00,2026-11-14 21:50:00,3022.0,2026-09-09 15:00:00,scheduled,,PF300493,세종문화회관 (세종대극장),37.5725254,126.97564290000003,False,2시간 20분,"세종문화회관 (세종대극장) 3,022석 / 금요일(19:30), 토요일(19:30), 일요일(17:00) / 공연시간 2시간 20분 / 공개 시각 = KOPIS 갱신 시각 2026-09-09"
2026-10-06 19:30:00,kopis,gwanghwamun,concert,CHANGMO: MONOLITH,2026-11-15 17:00:00,2026-11-15 19:20:00,3022.0,2026-09-09 15:00:00,scheduled,,PF300493,세종문화회관 (세종대극장),37.5725254,126.97564290000003,False,2시간 20분,"세종문화회관 (세종대극장) 3,022석 / 금요일(19:30), 토요일(19:30), 일요일(17:00) / 공연시간 2시간 20분 / 공개 시각 = KOPIS 갱신 시각 2026-09-09"
2026-10-06 19:30:00,kopis,gwanghwamun,concert,웅산 Here's to life,2026-11-25 19:30:00,2026-11-25 21:20:00,3022.0,2026-09-04 15:00:00,scheduled,,PF300132,세종문화회관 (세종대극장),37.5725254,126.97564290000003,False,1시간 50분,"세종문화회관 (세종대극장) 3,022석 / 수요일(19:30) / 공연시간 1시간 50분 / 공개 시각 = KOPIS 갱신 시각 2026-09-04"
2026-10-06 19:30:00,kopis,gwanghwamun,concert,"SJF at the Theater, Christopher",2026-11-19 20:00:00,2026-11-19 21:30:00,3022.0,2026-08-21 15:00:00,scheduled,,PF299055,세종문화회관 (세종대극장),37.5725254,126.97564290000003,False,1시간 30분,"세종문화회관 (세종대극장) 3,022석 / 목요일 ~ 금요일(20:00) / 공연시간 1시간 30분 / 공개 시각 = KOPIS 갱신 시각 2026-08-21"
2026-10-06 19:30:00,kopis,gwanghwamun,concert,"SJF at the Theater, Christopher",2026-11-20 20:00:00,2026-11-20 21:30:00,3022.0,2026-08-21 15:00:00,scheduled,,PF299055,세종문화회관 (세종대극장),37.5725254,126.97564290000003,False,1시간 30분,"세종문화회관 (세종대극장) 3,022석 / 목요일 ~ 금요일(20:00) / 공연시간 1시간 30분 / 공개 시각 = KOPIS 갱신 시각 2026-08-21"
2026-10-06 19:30:00,kopis,gwanghwamun,concert,"SJF at the Theater, Diana Krall",2026-11-22 18:00:00,2026-11-22 19:15:00,3022.0,2026-08-05 15:00:00,scheduled,,PF297759,세종문화회관 (세종대극장),37.5725254,126.97564290000003,False,1시간 15분,"세종문화회관 (세종대극장) 3,022석 / 일요일(18:00) / 공연시간 1시간 15분 / 공개 시각 = KOPIS 갱신 시각 2026-08-05"
2026-10-06 19:30:00,kopis,gwanghwamun,concert,"SJF at the Theater, Kings of Convenience",2026-11-18 20:00:00,2026-11-18 21:20:00,3022.0,2026-07-08 15:00:02,scheduled,,PF295591,세종문화회관 (세종대극장),37.5725254,126.97564290000003,False,1시간 20분,"세종문화회관 (세종대극장) 3,022석 / 수요일(20:00) / 공연시간 1시간 20분 / 공개 시각 = KOPIS 갱신 시각 2026-07-08"
2026-10-06 19:30:00,kopis,gwanghwamun,concert,한스 짐머 영화음악 콘서트 [서울 종로],2026-12-13 17:00:00,2026-12-13 19:00:00,3022.0,2026-08-28 18:00:00,scheduled,,PF299647,세종문화회관 (세종대극장),37.5725254,126.97564290000003,False,2시간,"세종문화회관 (세종대극장) 3,022석 / 일요일(17:00) / 공연시간 2시간 / 공개 시각 = KOPIS 갱신 시각 2026-08-28"
2026-10-06 19:30:00,kopis,gwanghwamun,concert,"서울시오페라단, 오페라 갈라",2026-12-12 17:00:00,2026-12-12 18:30:00,3022.0,2026-01-15 12:56:06,scheduled,,PF282131,세종문화회관 (세종대극장),37.5725254,126.97564290000003,False,1시간 30분,"세종문화회관 (세종대극장) 3,022석 / 토요일(17:00) / 공연시간 1시간 30분 / 공개 시각 = KOPIS 갱신 시각 2026-01-15"
2026-10-06 19:30:00,kopis,gocheok,concert,"KGMA, KOREA GRAND MUSIC AWARD 코리아 그랜드 뮤직어워즈",2026-11-07 17:00:00,2026-11-07 21:30:00,16744.0,2026-10-06 15:00:00,scheduled,,PF302509,고척스카이돔 (고척스카이돔),37.498415,126.867219,False,4시간 30분,"고척스카이돔 (고척스카이돔) 16,744석 / 토요일 ~ 일요일(17:00) / 공연시간 4시간 30분 / 공개 시각 = KOPIS 갱신 시각 2026-10-06"
2026-10-06 19:30:00,kopis,gocheok,concert,"KGMA, KOREA GRAND MUSIC AWARD 코리아 그랜드 뮤직어워즈",2026-11-08 17:00:00,2026-11-08 21:30:00,16744.0,2026-10-06 15:00:00,scheduled,,PF302509,고척스카이돔 (고척스카이돔),37.498415,126.867219,False,4시간 30분,"고척스카이돔 (고척스카이돔) 16,744석 / 토요일 ~ 일요일(17:00) / 공연시간 4시간 30분 / 공개 시각 = KOPIS 갱신 시각 2026-10-06"
2026-10-06 19:30:00,kopis,jamsil,concert,김장훈 전국투어 콘서트: 원맨쇼 [서울],2026-12-05 18:00:00,2026-12-05 19:50:00,5400.0,2026-09-17 11:38:58,scheduled,,PF300888,잠실학생체육관 (본관),37.5164791,127.0729996,False,1시간 50분,"잠실학생체육관 (본관) 5,400석 / 토요일(18:00), 일요일(16:00) / 공연시간 1시간 50분 / 공개 시각 = KOPIS 갱신 시각 2026-09-17"
2026-10-06 19:30:00,kopis,jamsil,concert,김장훈 전국투어 콘서트: 원맨쇼 [서울],2026-12-06 16:00:00,2026-12-06 17:50:00,5400.0,2026-09-17 11:38:58,scheduled,,PF300888,잠실학생체육관 (본관),37.5164791,127.0729996,False,1시간 50분,"잠실학생체육관 (본관) 5,400석 / 토요일(18:00), 일요일(16:00) / 공연시간 1시간 50분 / 공개 시각 = KOPIS 갱신 시각 2026-09-17"
