config,seed,rmse_all,mae_all,rmse_normal,mae_normal,rmse_event,mae_event,n_event_hours,n_normal_hours,rmse_normal_h1,rmse_normal_h2,rmse_normal_h3,rmse_normal_h4,rmse_normal_h5,rmse_normal_h6,rmse_normal_gwanghwamun_down,rmse_event_gwanghwamun_down,mae_event_gwanghwamun_down,rmse_normal_gwanghwamun_up,rmse_event_gwanghwamun_up,mae_event_gwanghwamun_up,rmse_normal_jamsil_down,rmse_event_jamsil_down,mae_event_jamsil_down,rmse_normal_jamsil_up,rmse_event_jamsil_up,mae_event_jamsil_up,rmse_normal_sangam_down,rmse_event_sangam_down,mae_event_sangam_down,rmse_normal_sangam_up,rmse_event_sangam_up,mae_event_sangam_up,rmse_normal_yeouido_down,rmse_event_yeouido_down,mae_event_yeouido_down,rmse_normal_yeouido_up,rmse_event_yeouido_up,mae_event_yeouido_up
final,7,1.6785646039856503,1.2050249287001054,1.5732672020790448,1.151757168956941,1.880359486658624,1.290090278073175,2831,7247,1.397033461188607,1.560082774315788,1.608709845058552,1.603011949185837,1.6090155217516544,1.6490538536388548,1.3925200432672362,1.5504002360267193,1.184905130288765,1.3808014156680806,2.0730722362239065,1.4695898505913805,1.7607935245474489,1.466647413378676,1.110938331587812,1.1516487435626916,1.323642601779333,1.016863579016294,1.8866294259456768,1.602516274954092,1.2202756451665284,1.9685318466447144,2.0725681705657797,1.5225173074015264,1.1853882481068112,1.6502930147986106,1.135825795715925,1.5586217694660065,4.523935249444294,2.2852862190999104
final-amatch,7,1.6832319438734662,1.20206996272962,1.5737940809633877,1.1510031042757247,1.891188983324176,1.2798543063810206,2831,7247,1.3856530637180224,1.566987146795804,1.6054828379311792,1.603203271654165,1.6170153076375209,1.6502650916313664,1.4094770936476375,1.596382340975917,1.2154426352223455,1.3846623460519814,2.093111771801982,1.4770783428263037,1.7211907553903565,1.4083157750366289,1.053496998423051,1.1463028655756546,1.2519323922949308,0.9496386207019576,1.8907780119588105,1.6061866760791113,1.2206750921698033,1.972978200257029,2.04510868205224,1.4846004710205654,1.2110495989391563,1.6142960069296013,1.1088662398608118,1.5602024735390936,4.682763329275017,2.351496280762876
final+notice,7,1.6837917186489082,1.2055924699184468,1.576108656902708,1.1538822429116582,1.8884361406721808,1.2853228946042916,2831,7247,1.395785796110179,1.5722193499239328,1.599688688569184,1.6018253873896775,1.622908049105874,1.6511805774780368,1.4278438369630757,1.5591777274616316,1.1823726615028527,1.3931508344048311,2.1333604047109587,1.492176650520577,1.75536124771154,1.5026515869629238,1.1361371491618604,1.1568451260789816,1.2934138655391496,0.9738555695845726,1.8916744212051635,1.5708797774308685,1.1905547651338744,1.960306389298549,2.044613480291356,1.5111983283618475,1.2110465294599146,1.6340055000512728,1.1582760274776145,1.5391868794067023,4.468074355497565,2.169425486746085
final,2026,1.6712956369304472,1.182358922567737,1.5653418032979618,1.1379917624051488,1.8719078139280625,1.2356918805253452,2831,7247,1.3817185580629143,1.541095395694841,1.5974781382411107,1.5962385624393496,1.6138802776544088,1.647308497666835,1.4424903376524825,1.5397426052506782,1.1538935634052123,1.348899519211159,2.0832560688732724,1.3970095145519064,1.7199978238751332,1.4711450080298192,1.0566230018694402,1.146030166125693,1.21577374678323,0.90618142773515,1.8774088659684272,1.544885228393879,1.152767911598006,1.9444137553101488,2.0233901560926357,1.4578996489262874,1.1770850087605158,1.7185463004069708,1.1964091007458648,1.578415041033816,4.625053560141114,2.375764386476171
final-amatch,2026,1.676997613492558,1.185724006972206,1.5692280303724837,1.1434542439490614,1.886194235223008,1.236474612132563,2831,7247,1.3823552065304872,1.5520625202810243,1.5913148916330528,1.60653781500217,1.6204774408710838,1.6481388826469412,1.4606721443737214,1.5392072424977288,1.1461896253867758,1.3367002098872498,2.1006082520516367,1.4006851018463298,1.714308198703211,1.511286274279361,1.073687111600888,1.1439979159416949,1.193209534318427,0.8850066247929473,1.8735339862782203,1.5649343616519775,1.1585561227053836,1.947977777167421,2.0497155791152397,1.4678981524860406,1.1718680038277045,1.7402795183826263,1.2116447466757945,1.6090206090108392,4.655189679897148,2.3833210708456605
final+notice,2026,1.6800601055796391,1.1909565772138395,1.580341208072221,1.150458140977743,1.867983128025433,1.2324590128497943,2831,7247,1.3947213066424031,1.548289702156019,1.612443083058836,1.619714216280104,1.6280229236962471,1.6640432830637868,1.4876951313939,1.537728241343166,1.1482185872395667,1.3456942802757068,2.0814070258968096,1.3941068069288396,1.739166716887946,1.5008299259751687,1.08324475303669,1.144720316187582,1.216072852103627,0.9062036871638744,1.8807049104053988,1.5488669667711676,1.1603276920066694,1.955824898797537,2.018987567124179,1.447059628640854,1.190812546008918,1.6817455955646303,1.1676737838444569,1.6103303893009129,4.563608503255865,2.2689647565125877
final,42,1.6773992101911528,1.1838131221739376,1.5652158292948597,1.1360787772672,1.862547493835928,1.2272798029193717,2831,7247,1.3891617895514956,1.5380968143672178,1.5723603076511634,1.593840626843407,1.6292976092767726,1.6544419516164617,1.405978057698626,1.5528824457906332,1.1558185915875585,1.3445728643418406,2.0471156469388956,1.38274230478025,1.644981622090037,1.424222910989917,1.038869929594315,1.1196446008876078,1.2016947632135246,0.894984102893015,1.901429578087105,1.5688958188612114,1.1773801404719275,1.9342200177329392,2.035033104982152,1.46022579075188,1.1827516882451985,1.6266663790417846,1.124865218886117,1.6535185833738528,4.6636881138415065,2.3205489639153
final-amatch,42,1.6768690456410822,1.183533738472163,1.553367308854737,1.130313852472273,1.8789144496407804,1.2360379487998814,2831,7247,1.3714611354717756,1.523631303407492,1.5624798111234817,1.5837821142061643,1.6228464079008822,1.6409004266206668,1.4083366090461034,1.5507465952440145,1.1503798688219469,1.3482690395631092,2.0707226736251925,1.3971728062237778,1.6320522014427203,1.4542921747637891,1.051303135809853,1.1178725432044831,1.200812668718717,0.8995782594308724,1.8847507665058232,1.592321683083716,1.1985670333463407,1.9383671684143051,2.0508222684577535,1.452090081375579,1.1633067023753445,1.743050045683815,1.1996862418657166,1.61654976699092,4.6705266780657295,2.338570583355199
final+notice,42,1.680618313346883,1.1913620529193962,1.5609735820566697,1.1353849442219173,1.8904567325629056,1.2593211069217638,2831,7247,1.3820648687492412,1.5398255108317904,1.5689188497343625,1.5950547862908528,1.6193774394558786,1.6465414039197444,1.428106417170536,1.6331017295533383,1.2185485085600414,1.337103830368147,2.0799236244131536,1.4112979228780562,1.6300453759865592,1.4773007149925694,1.0610496206207258,1.1197509257885332,1.222493652963855,0.9095953979203276,1.8940647767120704,1.557470187463873,1.164868626838807,1.9327201096721616,2.0592045609836145,1.4850803357732631,1.1531349119976608,1.8599495611720775,1.299258624538859,1.662158600183187,4.506518872587322,2.279612730836172
